tau,agg_mean,agg_max,agg_min,agg_med,agg_total_spike,pooled_std
0.1,0.089343354,6.5847354,0.0,0.0,9608.521,0.27701813935955466
0.35,0.023670118,4.668851,0.0,0.0,2545.6262,0.12777253512279468
0.5,0.015970195,4.293192,0.0,0.0,1717.5303,0.1027761302482829
